drug,excellent,average,poor
Bevacizumab,22,56,22
Amoxycillin   +  Clavulanic Acid,3697,3234,2769
Azithromycin,3264,3019,2317
Ambroxol  + Levosalbutamol  + Guaifenesin,1498,1850,1852
Ranitidine,545,524,331
Fexofenadine,920,1219,1161
Pheniramine,163,140,97
Donepezil,193,202,405
Hydroxyzine,533,714,553
Phenylephrine  + Beclometasone  + Lidocaine,79,129,92
Montelukast  + Fexofenadine,1710,1584,706
Phenylephrine  + Chlorpheniramine Maleate  + Dextromethorphan Hydrobromide,913,947,740
Anastrozole,397,133,70
Albendazole,535,627,438
Clonidine,33,109,58
Aceclofenac  + Rabeprazole,442,415,243
Aceclofenac  + Paracetamol  + Serratiopeptidase,1132,959,709
Spironolactone,99,119,82
Donepezil  + Memantine,189,281,130
Camphor  + Menthol  + Naphazoline  + Phenylephrine,154,109,37
Camylofin  + Paracetamol,102,105,93
Ambroxol  + Salbutamol,30,46,24
Aceclofenac  + Paracetamol,1419,1334,647
Erythromycin,178,168,254
Salbutamol,481,267,152
Ticagrelor,901,585,214
Vitamin D3,776,423,201
Alfuzosin,103,144,253
Chlorpheniramine Maleate  + Dextromethorphan Hydrobromide,548,977,875
Vitamin A,78,63,59
Lidocaine  + Nifedipine,162,214,124
Amoxycillin,787,858,555
Azithromycin  + Ornidazole  + Fluconazole,29,34,37
Cyproheptadine  + Tricholine Citrate  + Sorbitol,90,100,110
Acebrophylline,405,499,396
Adapalene,99,165,136
Amitriptyline,577,671,452
Ambroxol,374,615,311
Acebrophylline  + Acetylcysteine,400,261,139
Dextromethorphan Hydrobromide,297,284,219
Atorvastatin,3612,2758,1630
Azelaic Acid,324,467,409
Acotiamide,170,202,128
Lidocaine  + Metronidazole  + Sucralfate,156,197,147
Nitroglycerin,1108,917,775
Moxifloxacin,1189,1132,1079
Acyclovir,698,1112,890
Acenocoumarol,223,224,153
Cetirizine,497,710,393
Ciprofloxacin  + Dexamethasone,117,33,50
Furosemide  + Amiloride,40,47,13
Guaifenesin  + Terbutaline  + Bromhexine,201,382,417
Glimepiride,1769,2038,1493
Carboxymethylcellulose,2239,2287,1574
Aceclofenac  + Paracetamol  + Chlorzoxazone,236,292,172
Paracetamol  + Paracetamol,217,157,226
Fluticasone Furoate,439,328,133
Levosalbutamol  + Beclometasone,253,191,56
Fluticasone Propionate  + Azelastine,218,213,69
Oseltamivir Phosphate,128,41,31
Memantine,160,157,83
Sacubitril  + Valsartan,342,300,158
Cetirizine  + Phenylephrine,116,87,97
Diosmin  + Hesperidin,133,25,42
Amlodipine,1726,1452,1022
Fluconazole,1553,1716,1831
Amlodipine  + Atenolol,1894,1176,430
Atorvastatin  + Clopidogrel,701,646,453
Thiocolchicoside  + Aceclofenac  + Paracetamol,460,533,507
Atorvastatin  + Fenofibrate,1398,1056,746
Tretinoin,722,1064,1014
Moxifloxacin  + Prednisolone,223,99,78
Amantadine,104,142,54
Hydrochlorothiazide,211,122,67
Disodium Hydrogen Citrate,154,382,564
Empagliflozin  + Linagliptin,184,181,35
Loperamide,198,246,156
Ambroxol  + Loratadine,98,140,62
Choline Salicylate  + Lidocaine,184,415,201
Atenolol,975,887,238
Ambroxol  + Guaifenesin  + Menthol  + Terbutaline,446,467,287
Ambroxol  + Pseudoephedrine  + Chlorpheniramine Maleate,21,51,28
S-Amlodipine,615,543,242
Telmisartan  + Amlodipine  + Hydrochlorothiazide,1226,850,524
Clotrimazole,1070,1124,1306
Aripiprazole,956,952,492
Methylcobalamin  + Pregabalin,2680,3112,1908
Ambroxol  + Levocetirizine  + Montelukast,434,479,187
Sildenafil,1024,986,890
Camylofin,55,87,58
Apremilast,383,631,186
Clindamycin,433,493,374
Ursodeoxycholic Acid,1305,1746,1649
Levocloperastine,271,353,276
Cilnidipine  + Metoprolol Succinate  + Telmisartan,92,71,37
Telmisartan  + Amlodipine,2845,2168,687
Ambroxol  + Guaifenesin  + Terbutaline,450,722,528
Glimepiride  + Metformin,7699,5733,3868
Atorvastatin  + Aspirin,539,410,251
Isotretinoin,1870,2285,1445
Adapalene  + Clindamycin,953,957,590
Levocetirizine  + Phenylephrine  + Paracetamol,138,131,31
Racecadotril,383,405,312
Human insulin,478,576,346
Amoxycillin  + Clavulanic Acid  + Lactobacillus,116,42,42
Glimepiride  + Metformin  + Voglibose,4109,3305,1186
Sulbutiamine,26,48,26
Apixaban,191,180,29
Drotaverine  + Aceclofenac,177,178,145
Ketorolac  + Moxifloxacin,332,269,399
Ketoconazole,3700,3662,4238
Amitriptyline  + Methylcobalamin,210,112,78
Alendronic Acid  + Vitamin D3,83,173,44
Hydroxypropylmethylcellulose,652,524,424
Ciprofloxacin,249,325,326
Desonide,129,83,88
Insulin Glulisine,97,196,7
Sodium Hyaluronate,1696,1300,504
Naphazoline  + Chlorpheniramine Maleate  + Hydroxypropylmethylcellulose  + Zinc,189,129,82
Acamprosate,54,58,88
Ketorolac,488,249,163
Ketorolac  + Olopatadine,121,60,19
Choline fenofibrate,35,40,25
Levocetirizine  + Montelukast,5043,3713,2644
Bromhexine  + Guaifenesin  + Menthol  + Terbutaline,39,65,96
Alfuzosin  + Dutasteride,131,189,80
Atropine,163,214,223
Testosterone,216,277,307
Domperidone  + Rabeprazole,2165,2637,1998
Alfacalcidol,194,106,0
Moxifloxacin  + Dexamethasone,545,387,68
Ornidazole  + Diloxanide,26,44,30
Losartan  + Amlodipine,915,640,245
Amorolfine,967,1295,1038
Prochlorperazine,147,194,159
Albumin,103,50,147
Flupenthixol,338,168,194
Doxylamine  + Vitamin B6   + L-Methyl Folate Calcium  + Methylcobalamin,35,35,30
Dicyclomine  + Mefenamic Acid,264,348,288
Aceclofenac,638,612,350
Aprepitant  + Aprepitant,33,52,15
Minoxidil,1794,3140,3066
Brinzolamide,78,85,37
Diloxanide,72,28,0
Ampicillin  + Dicloxacillin,156,55,89
Azathioprine,374,152,74
Melatonin,364,324,212
Amitriptyline  + Pantoprazole,26,57,17
Aspirin  + Atorvastatin  + Clopidogrel,633,411,256
Aceclofenac  + Serratiopeptidase,35,94,71
Acitretin,153,239,308
Amlodipine  + Hydrochlorothiazide,479,368,153
Amlodipine  + Metoprolol Succinate,2082,1671,447
Benzoyl Peroxide  + Clindamycin,214,259,227
Camylofin  + Mefenamic Acid,37,22,41
Dapsone,49,78,73
Ampicillin  + Cloxacillin,359,272,69
Chlorpheniramine Maleate  + Phenylephrine,1043,1142,615
Levofloxacin,612,758,730
Recombinant Human Erythropoietin Alfa,767,984,949
Alcaftadine,53,116,31
Chlorpheniramine Maleate  + Paracetamol  + Phenylephrine  + Sodium Citrate  + Menthol,79,55,66
Adapalene  + Benzoyl Peroxide,346,496,458
Glycopyrrolate,306,250,144
Cefuroxime,1039,751,910
Glycopyrrolate  + Formoterol  + Fluticasone Propionate,67,33,0
Aluminium Hydroxide  + Milk Of Magnesia  + Simethicone  + Oxetacaine,39,61,0
Ketoconazole  + Zinc pyrithione,1475,1765,1360
Carbimazole,197,233,170
Amoxycillin  + Cloxacillin  + Lactobacillus,94,69,237
Brimonidine  + Stabilized Oxychloro,79,92,29
Sodium acid phosphate,43,40,17
Epalrestat,43,161,96
Itraconazole,4748,4034,3218
Aspirin  + Glycine,66,68,66
Nimesulide  + Camylofin,67,33,0
Pregabalin  + Nortriptyline,1067,1595,1138
Azilsartan medoxomil,889,748,463
Metronidazole,202,268,230
Alpha Ketoanalogue,557,759,684
Eperisone  + Aceclofenac,28,44,128
Amikacin,313,319,368
Nepafenac,590,563,747
Tranexamic Acid  + Glutathione,12,33,55
Metadoxine,76,81,43
Acetic acid,50,17,33
Clindamycin  + Zinc acetate,18,32,50
Telmisartan  + Metoprolol Succinate,2450,1896,954
Rosuvastatin,3429,2649,2122
Levocetirizine  + Phenylephrine,201,146,53
Edaravone,24,38,38
Loratadine,168,149,83
Potassium Chloride,83,95,22
Atenolol  + Indapamide,48,52,0
L-Leucine  + L-Isoleucine,56,33,11
Ambrisentan,164,218,118
Torasemide  + Amiloride,50,17,33
Formoterol  + Glycopyrrolate,107,38,55
Benfotiamine  + Levo-carnitine  + Resveratrol  + Vitamin B6,52,69,79
L-Ornithine L-Aspartate,334,272,194
Telmisartan  + Hydrochlorothiazide,2432,1629,739
Etofylline  + Salbutamol,0,0,100
Timolol  + Brimonidine,480,495,325
Amitriptyline  + Propranolol,178,76,46
Hydroxyprogesterone,354,297,149
Sodium Bicarbonate,153,403,144
Cetirizine  + Paracetamol  + Phenylephrine,291,210,99
Clindamycin  + Nicotinamide,371,436,293
Desloratadine,155,178,267
Aztreonam,167,33,0
"Rabies vaccine, Human",532,96,72
Ethosuximide,62,17,21
Levocetirizine,2009,2023,1368
Cyproheptadine,309,314,277
Atorvastatin  + Ezetimibe,341,417,242
Silodosin  + Dutasteride,308,505,187
Domperidone  + Pantoprazole,2315,2186,1699
Gabapentin  + Capsaicin Based Rubefacients  + Ketoprofen  + Methyl Salicylate,50,22,28
Hydrocortisone  + Acetic acid,33,25,42
Telmisartan  + Chlorthalidone,2464,1634,802
Clonidine  + Hydrochlorothiazide,25,75,0
Brimonidine,193,219,88
Hydroquinone  + Tretinoin  + Hydrocortisone,62,103,135
Atropine  + Chloramphenicol  + Dexamethasone,60,40,0
Telmisartan  + Atorvastatin,67,33,0
Miconazole  + Mometasone  + Nadifloxacin,153,107,140
S-Amlodipine  + Telmisartan,120,124,56
Fenofibrate,273,253,174
Metoprolol Succinate  + Ramipril,621,377,202
Pancreatin,831,657,212
Dapsone  + Adapalene,73,69,58
Polidocanol,42,39,19
Diltiazem,381,119,100
Azelastine,271,123,6
Bromelain  + Trypsin  + Rutoside,867,935,598
Alogliptin,158,42,0
Trypsin  + Bromelain  + Rutoside  + Diclofenac,589,669,542
Allylestrenol,62,125,113
Clozapine,758,468,474
Camylofin  + Diclofenac,67,33,0
Amlodipine  + Lisinopril,377,250,73
Sevelamer,286,414,400
Isosorbide Dinitrate  + Hydralazine,119,113,168
Acetylcysteine  + Ambroxol,91,76,33
Agomelatine,44,41,15
Corticotropin,31,36,33
Tirofiban,100,0,100
Hydroxypropylmethylcellulose  + Glycerin  + Dextran 70,117,193,90
Amlodipine  + Indapamide,244,106,50
Montelukast  + Fexofenadine  + Acebrophylline,165,149,86
Progesterone,847,600,753
Tetrabenazine,117,136,147
Formoterol  + Budesonide,1527,1368,505
Metronidazole  + Nicotinamide,37,36,27
Deferasirox,100,139,61
Sucralfate,270,477,553
Amisulpride,2019,1358,823
Aceclofenac  + Paracetamol  + Trypsin Chymotrypsin,77,123,0
Epalrestat  + Methylcobalamin,156,149,195
Tranexamic Acid  + Kojic Acid  + Arbutin  + Magnesium  + Vitamin E  + Mulberry extract,52,185,263
Amiodarone,117,116,167
Amorolfine  + Phenoxyethanol,395,171,234
Dexamethasone,142,58,0
Magaldrate  + Simethicone  + Oxetacaine,225,160,115
Amphotericin B,27,33,40
Gliclazide  + Pioglitazone  + Metformin,367,324,109
Abiraterone Acetate,119,140,141
Alprostadil,25,8,67
Fenofibrate  + Rosuvastatin,2421,2064,915
Liposomal Amphotericin B,81,63,156
Almotriptan,25,133,42
Ciclosporin,618,578,304
Ampicillin  + Dicloxacillin  + Lactobacillus,0,0,100
Gabapentin  + Lidocaine,319,267,314
Ivermectin   +  Albendazole,198,213,189
Amlodipine  + Enalapril,117,66,17
Rabeprazole,1716,1498,1186
Hydroquinone  + Tretinoin  + Fluocinolone acetonide,293,262,245
Gabapentin  + Nortriptyline,748,779,773
Isoxsuprine,387,335,478
Dulaglutide,189,84,27
Eperisone  + Aceclofenac  + Paracetamol,67,33,0
Aceclofenac  + Paracetamol  + Tizanidine,50,17,33
Diclofenac  + Paracetamol  + Methocarbamol,63,92,45
Dabigatran Etexilate,873,720,407
Amlodipine  + Chlorthalidone,22,78,0
Diclofenac  + Paracetamol  + Serratiopeptidase,478,430,292
Acebrophylline  + Desloratadine  + Montelukast,142,124,134
Levosulpiride  + Rabeprazole,1509,1368,723
Atorvastatin  + Vitamin D3,183,137,180
Cefixime  + Dicloxacillin,50,92,58
Alcaftadine  + Ketorolac,50,50,0
Losartan,1306,958,436
Furazolidone  + Metronidazole,44,56,100
Carboxymethylcellulose  + Glycerin,141,134,125
Vildagliptin,778,574,448
Pregabalin  + Nortriptyline  + Methylcobalamin,814,728,358
Carboxymethylcellulose  + n-acetylcarnosine  + Glycerol  + Boric Acid,64,78,58
Cefuroxime  + Clavulanic Acid,308,380,212
Netupitant  + Palonosetron,100,0,0
Amitriptyline  + Pregabalin,155,266,79
Doxylamine  + Vitamin B6,566,545,289
Aspirin  + Dipyridamole,42,58,0
Pantoprazole,1753,1164,983
Chlorpheniramine Maleate  + Paracetamol  + Phenylephrine,832,742,326
Paracetamol,3356,3280,2464
Atenolol  + Chlorthalidone,373,258,69
Formoterol  + Tiotropium,99,155,46
Losartan  + Hydrochlorothiazide,952,660,188
Levocetirizine  + Ambroxol,244,237,219
Olopatadine,575,627,598
Epalrestat  + Methylcobalamin  + Pregabalin,56,22,22
Gabapentin  + Amitriptyline,160,218,222
Salmeterol  + Fluticasone Propionate,1301,912,487
Azilsartan medoxomil  + Chlorthalidone,310,123,167
Sodium Picosulfate,458,252,190
Doxycycline,120,81,99
Aluminium Hydroxide  + Magnesium  + Simethicone,111,74,15
Pralidoxime,83,17,0
Progesterone,2493,2472,2535
Etoricoxib  + Thiocolchicoside,892,1048,760
Chondroitin  + Diacerein  + Glucosamine,17,33,50
S-Amlodipine  + Atenolol,129,107,64
Telmisartan,4163,3393,1944
Minoxidil  + Aminexil,173,226,201
Formoterol  + Fluticasone Propionate,461,603,336
Bromfenac,216,265,119
Rosuvastatin  + Clopidogrel,666,685,249
Atenolol  + Hydrochlorothiazide,83,17,0
Desloratadine  + Montelukast,175,109,16
L-Arginine,22,56,22
Fluticasone Propionate,614,494,292
Diphenhydramine,117,83,0
Metoprolol Succinate,3435,2712,1153
Lamivudine  + Tenofovir disoproxil fumarate  + Efavirenz,115,53,32
Furazolidone  + Metronidazole  + Simethicone,78,22,0
Voglibose,1122,1024,954
Ethinyl Estradiol  + Drospirenone,283,217,100
Alpha glycerylphosphorylcholine,99,60,41
Iso Amyl 2-Cynoacrylate,100,0,0
Hydroquinone,431,574,495
Clarithromycin,196,296,308
Ofloxacin,1509,1382,1309
Glucosamine  + Diacerein  + Methyl Sulfonyl Methane,422,631,547
Nandrolone Decanoate,177,210,313
Calcitriol  + Calcium citrate  + Zinc Sulphate Monohydrate  + Methylcobalamin  + L-Methyl Folate  + Boron  + Magnesium Oxide,167,33,0
Tiotropium,215,208,277
Terbinafine,2171,2166,2863
Diclofenac,1668,1035,597
Everolimus,158,42,0
Acebrophylline  + Montelukast,197,345,358
Seratrodast,13,27,60
Etoricoxib,2043,1877,1580
Aceclofenac  + Pregabalin,137,126,137
Gliclazide,1163,1007,630
Metformin  + Voglibose,1438,1316,646
Aceclofenac  + Thiocolchicoside,676,803,821
Olmesartan Medoxomil  + Amlodipine  + Hydrochlorothiazide,1199,591,210
Aceclofenac  + Diacerein,67,100,33
Metformin   +  Vildagliptin,2270,1419,1011
Labetalol,266,306,128
Methyldopa,62,26,12
Deflazacort,391,414,595
Ranolazine,498,389,213
Abacavir  + Lamivudine,67,33,0
Solifenacin,326,350,524
Clobetasol  + Miconazole  + Neomycin,463,447,490
Atazanavir  + Ritonavir,22,78,0
Amoxycillin  + Potassium Clavulanate  + Lactobacillus Acidophilus,117,83,0
Triclosan,195,119,86
Lurasidone,506,365,329
Glimepiride  + Metformin  + Pioglitazone,2740,2285,1475
Etoricoxib  + Paracetamol,367,341,192
Favipiravir,244,138,118
Bilastine,756,816,428
Asenapine,26,63,11
Diacerein  + Glucosamine,159,204,137
Luliconazole,4118,4106,3576
Atenolol  + Losartan,213,160,27
Amoxycillin  + Sulbactam,0,33,67
Mefenamic Acid,288,321,291
Lidocaine,1027,797,576
Ebastine,302,334,264
Lactitol  + Ispaghula,750,531,519
Gliclazide  + Metformin,1521,1350,829
Gabapentin  + Methylcobalamin,730,804,666
Betamethasone  + Neomycin,48,32,20
Betamethasone,191,265,144
Budesonide,567,414,419
Diphenhydramine  + Ammonium Chloride  + Sodium Citrate,136,146,118
Ibuprofen,104,119,77
Saroglitazar,89,85,26
Povidone Iodine,1333,1161,906
Betamethasone  + Gentamicin  + Miconazole,35,35,30
Propranolol,734,784,582
Sulfamethoxazole  + Trimethoprim,184,109,107
Baclofen,509,647,544
Brivaracetam,132,108,60
Metoprolol Tartrate,486,295,219
Benfotiamine,58,25,17
Chlorhexidine Gluconate  + Silver Nitrate,18,51,31
Teriparatide,191,272,237
Propranolol  + Flunarizine,639,470,291
Diphtheria Toxoid  + Tetanus Toxoid  + Pertussis Toxoid,51,34,15
Bisoprolol,403,263,234
Bupropion,138,163,99
Insulin Glargine,567,556,277
Bilastine  + Montelukast,297,256,147
Betahistine,877,1040,1083
Benzoyl Peroxide,188,324,288
Mupirocin,1343,924,733
Dicyclomine  + Paracetamol,109,115,76
Human Normal Immunoglobulin,334,260,106
Diclofenac  + Paracetamol,557,386,257
Levosalbutamol  + Ambroxol  + Guaifenesin,138,179,83
Fusidic Acid,570,666,564
Trihexyphenidyl,100,169,231
Betamethasone  + Salicylic Acid,121,182,97
Bepotastine,141,152,107
Bethanechol,143,130,127
Hyoscine butylbromide,50,56,94
Benfotiamine  + Folic Acid  + Methylcobalamin  + Pregabalin  + Vitamin B6,107,232,161
Bromhexine,53,68,79
Trimethoprim,88,86,26
Sultamicillin tosilate,264,251,85
Mirabegron,527,479,794
Freeze-dried Live Attenuated Hepatitis A Vaccine,50,39,11
Metformin,2721,2918,1861
Bosentan,100,149,51
Ibandronic Acid,206,219,175
Bimatoprost,273,253,74
Cefpodoxime Proxetil,1664,1149,1087
Levosalbutamol  + Budesonide,50,72,78
Serratiopeptidase,96,265,239
Brinzolamide  + Timolol,44,28,28
Colloidal bismuth subcitrate,0,67,33
Tadalafil,1355,1117,928
Tetanus Toxoid,283,67,150
Cyproheptadine  + Tricholine Citrate,60,108,132
Cefadroxil,99,174,227
Mupirocin  + Metronidazole  + Collagen Peptide,88,65,47
Povidone Iodine  + Ornidazole,103,152,145
Probenecid,36,31,33
Human Rabies Immunoglobulin,134,66,0
Calcium Leucovorin,172,28,0
Doxycycline  + Lactobacillus,228,255,217
Atenolol  + Nifedipine,89,101,10
Bromocriptine,38,127,135
Menthol  + Diphenhydramine  + Ammonium Chloride,20,44,36
Cefpodoxime Proxetil  + Clavulanic Acid,881,808,811
Hepatitis B Vaccine   + Aluminium Hydroxide  + Thiomersal,83,17,0
Methotrexate,561,602,337
Benidipine,136,160,104
Ibuprofen  + Paracetamol,328,258,114
Gabapentin,335,665,800
Darbepoetin alfa,226,217,157
Fluoxetine,470,733,497
Bimatoprost  + Timolol,138,122,40
Bromfenac  + Moxifloxacin,0,50,50
Mycophenolate sodium,775,505,320
Hydroquinone  + Sodium Hyaluronate  + Glycolic acid  + Kojic Acid  + Lactic Acid,13,54,33
Clobetasol  + Salicylic Acid,1097,1046,857
Pioglitazone,997,791,612
Beclometasone,313,232,155
Varicella Vaccine  attenuated,297,132,71
Metformin  + Methylcobalamin,187,320,193
Bifonazole,117,33,50
Biotin  + Finasteride,156,73,71
Mebeverine,365,394,241
Ramipril,1597,722,381
Diclofenac  + Paracetamol  + Trypsin Chymotrypsin,66,95,39
Coenzyme Q10  + Levo-carnitine  + Lycopene,29,38,33
Spironolactone  + Torasemide,203,59,238
Medroxyprogesterone acetate,125,206,169
Tamsulosin   +  Dutasteride,653,630,417
Cinnarizine,157,240,203
Doxofylline  + Montelukast,89,146,65
Drotaverine,234,66,0
Desvenlafaxine,1198,552,350
Darifenacin,126,216,158
Duloxetine,362,413,325
Ethinyl Estradiol  + Levonorgestrel,307,292,201
Etofylline  + Theophylline,94,327,279
Dimethicone,47,29,24
Telmisartan  + Cilnidipine  + Chlorthalidone,466,484,250
Cinnarizine  + Dimenhydrinate,163,254,183
Divalproex,1354,849,897
Lactulose,721,964,1315
Sertraline,846,1072,782
Dopamine,22,56,22
Levamisole,219,88,193
Dienogest,322,399,279
Dorzolamide  + Timolol,167,179,54
Hydroxypropylmethylcellulose  + sodium perborate monohydrate,69,81,50
Rifaximin,1603,1414,1183
Dutasteride,127,137,136
Oxetacaine  + Aluminium Hydroxide  + Magnesium  + Simethicone,167,82,51
Glibenclamide  + Metformin,508,488,304
Prilocaine  + Lidocaine,296,303,101
Duloxetine  + Methylcobalamin,81,83,36
Povidone Iodine  + Tinidazole  + Sucralfate,260,208,132
Domperidone,256,216,228
Triamcinolone,374,456,270
Paroxetine,1317,1460,923
Calcium Dobesilate,96,159,245
Beclometasone  + Neomycin  + Clotrimazole,321,384,295
Dimenhydrinate,87,83,30
Ofloxacin  + Metronidazole,238,219,143
Methylprednisolone,1251,1409,1140
Betamethasone  + Salicylic Acid  + Zinc Oxide,13,70,17
Escitalopram Oxalate,1792,1705,1003
Doxofylline,76,114,110
Caffeine  + Paracetamol,167,155,78
Digoxin,57,100,43
Benzydamine  + Chlorhexidine Gluconate,146,75,79
Dosulepin,345,239,116
Doxepin,17,116,167
Domperidone  + Paracetamol,147,132,121
Salicylic Acid,355,537,208
Doxofylline  + Ambroxol,100,134,66
Menotrophin,216,558,626
Milk of Magnesia,116,51,33
Sodium Chloride,126,163,211
Thiocolchicoside  + Diclofenac,210,158,132
Piroxicam,395,319,286
Phenytoin,491,393,216
Beclometasone  + Formoterol,175,141,84
Sodium Fluoride,74,50,76
Alpha Lipoic Acid  + Folic Acid  + Methylcobalamin  + Pregabalin  + Vitamin B6,172,306,222
Etofylline  + Theophylline  + Salbutamol,38,48,14
Clioquinol,173,20,7
Beclometasone  + Clotrimazole,287,281,232
Chlorhexidine Gluconate  + Clobetasol  + Miconazole  + Neomycin,117,87,96
Drotaverine  + Mefenamic Acid,39,152,109
Mometasone,1924,1155,1021
Procyclidine,33,112,55
Etodolac,432,553,315
Cefaclor,56,11,133
Oxetacaine  + Aluminium Hydroxide  + Milk Of Magnesia,102,158,140
Clostridium botulinum type A toxin-haemagglutinin complex,0,33,67
Indomethacin,194,256,150
Aluminium Hydroxide  + Simethicone  + Milk Of Magnesia,0,33,167
Lactitol,493,587,420
Doxazosin,73,7,20
Darunavir  + Ritonavir,100,0,0
Menthol  + Miconazole  + Tinidazole  + Zinc Sulfate,33,34,33
Magaldrate  + Simethicone,335,311,54
Potassium Nitrate,0,17,83
Diacerein  + Glucosamine Sulfate Potassium Chloride  + Methyl Sulfonyl Methane  + Methylcobalamin,67,33,0
Trioxasalen,348,320,332
Diacerein  + Glucosamine Sulfate Potassium Chloride  + Methyl Sulfonyl Methane,117,66,117
Ofloxacin  + Tinidazole  + Terbinafine  + Clobetasol  + D-Panthenol,100,0,0
Dalteparin,57,43,100
Cetrimide  + Ketoconazole,195,204,101
Dobutamine,100,0,0
Benzydamine,388,204,408
Degarelix,129,71,0
Univestin,0,33,67
Anidulafungin,100,0,0
Dasatinib,100,0,0
Lamivudine  + Zidovudine,50,0,50
Erlotinib,91,151,58
Rivastigmine,22,178,100
Aspirin,140,222,138
Levo-carnitine  + Vitamin E,33,42,25
Estriol,40,36,24
Ondansetron,1245,970,1285
Eperisone,139,177,184
Pancreatin  + Sodium Tauroglycocholate,37,44,19
Diclofenac  + Serratiopeptidase,369,334,397
Clobetasone  + Miconazole,58,96,46
Etodolac  + Thiocolchicoside,248,350,202
Folic Acid  + Methylcobalamin  + Niacinamide  + Vitamin C,88,78,34
Thyroxine,1472,1239,589
Ebastine  + Montelukast,194,168,38
Hydroquinone  + Mometasone  + Tretinoin,1053,954,793
Ebastine  + Phenylephrine,56,36,8
Valethamate,25,33,42
Ezetimibe,38,120,42
Domperidone  + Esomeprazole,1204,842,654
Esomeprazole,1184,974,542
Eberconazole,684,710,506
Enalapril,345,292,163
Eperisone  + Diclofenac,69,143,88
Estradiol,555,607,438
Pinaverium bromide,57,16,27
Sodium Valproate  + Valproic Acid,1112,1190,598
Entecavir,220,170,110
Cilnidipine  + Telmisartan,825,814,261
Levetiracetam,3469,2960,1671
Trypsin Chymotrypsin,184,179,137
Eflornithine,27,65,108
Tranexamic Acid  + Ethamsylate,268,283,349
Bromelain  + Trypsin  + Rutoside  + Papain,33,31,36
Mupirocin  + Bromelain,19,41,40
Ceftriaxone  + Disodium edetate  + Sulbactam,106,94,0
Ulipristal acetate,99,348,253
Clobetasol  + Miconazole,142,247,111
Megestrol,281,218,201
Ethamsylate,376,406,418
Levosulpiride  + Esomeprazole,494,591,315
Sodium Valproate,497,367,236
Efonidipine,142,89,69
Beclometasone  + Neomycin  + Miconazole,72,153,75
Griseofulvin,131,155,114
Cyproterone  + Ethinyl Estradiol,87,177,136
Cefixime,1368,1134,1198
Human chorionic gonadotropin,386,480,534
Eplerenone,178,291,431
Disulfiram,78,78,44
Repaglinide,134,186,80
Enoxaparin,587,550,563
Diethylcarbamazine  + Chlorpheniramine Maleate,144,56,0
Repaglinide  + Voglibose,258,177,165
Dehydroepiandrosterone   + Folic Acid  + Vitamin D3,25,87,188
Chloramphenicol,81,170,149
Ambrisentan  + Tadalafil,82,99,19
Chlorpheniramine Maleate  + Naphazoline  + Zinc Sulphate Monohydrate  + Boric Acid,66,51,83
Eberconazole  + Mometasone,42,156,102
Insulin Lispro  + Insulin Lispro Protamine,295,352,153
L-Methyl Folate  + Methylcobalamin  + Pyridoxal-5-phosphate,33,54,13
Mizolastine,32,46,22
Lactobacillus Salivarius  + Lactobacillus Brevis  + Lactobacillus Plantarum,37,41,22
Sertaconazole,906,985,909
Pantoprazole  + Itopride,315,314,171
Pimecrolimus,174,204,122
Pregabalin  + Etoricoxib,150,50,0
Tranexamic Acid  + Mefenamic Acid,277,505,518
Clobetasol  + Neomycin,211,259,130
Palonosetron,72,28,0
Insulin Lispro,215,220,165
Equine Rabies Immunoglobulin,67,33,0
Terbutaline  + Acebrophylline  + Guaifenesin,142,138,120
Desoximetasone,103,86,11
Clobetasol  + Gentamicin,64,74,62
Hydrocortisone,503,582,315
Eslicarbazepine,171,230,99
Somatropin,40,27,33
Enzalutamide,27,53,20
Mometasone  + Fusidic Acid,491,464,245
Ephedrine,0,50,50
Filgrastim,171,77,52
Sodium Picosulfate  + Liquid Paraffin  + Milk Of Magnesia,669,300,231
Fluorometholone,291,203,306
Repaglinide  + Metformin,25,50,25
Clobetasol,485,604,411
Tadalafil  + Dapoxetine,109,180,111
Benzoic Acid  + Salicylic Acid  + Ichtyolammonium  + Triamcinolone Acetonide,0,50,50
Telmisartan  + Amlodipine  + Chlorthalidone,391,237,72
Pegylated Recombinant Human Erythropoietin,33,105,62
Dapoxetine,90,144,166
Acetylcysteine,545,758,797
Trastuzumab,167,33,0
Blonanserin,80,81,39
Tacrolimus,2584,1676,1640
Entacapone,0,50,50
Enalapril  + Hydrochlorothiazide,220,67,13
Etodolac  + Tolperisone,67,0,33
Insulin Isophane/NPH    +   Human Insulin/Soluble Insulin,1033,1139,328
Tobramycin,785,439,176
Norethisterone,585,887,828
Enclomiphene,21,27,52
Febuxostat,769,954,1077
Teneligliptin,1443,1249,1008
Mometasone  + Terbinafine,480,553,267
Leuprolide,464,239,197
Difluprednate,67,33,0
Fluocinolone acetonide  + Miconazole  + Neomycin,22,22,56
Levodopa  + Carbidopa  + Entacapone,265,218,17
Diphtheria Toxoid  + Tetanus Toxoid  + Pertussis Toxoid  + Hepatitis B Vaccine   + Haemophilus Type B Conjugate Vaccine,106,11,83
Letrozole,358,322,520
Epinastine,33,67,0
Rituximab,67,83,50
Tolperisone  + Etoricoxib,0,33,67
Lactulose  + Ispaghula,171,103,26
Vitamin E,0,0,100
Metformin  + Teneligliptin,2464,1942,894
n-Butyl-2-cyanoacrylate,75,0,25
Amoxycillin  + Pantoprazole  + Clarithromycin,159,185,156
Dorzolamide,67,116,17
Mometasone  + Salicylic Acid,188,393,219
Adrenaline  + Sodium Metabisulphite,56,22,22
Efavirenz,0,67,33
Danazol,55,185,160
Trypsin  + Rutoside  + Bromelain  + Harpagoside,78,22,0
Pancreatin  + Dimethicone,93,83,24
Hydroxychloroquine,689,719,192
Eribulin Mesylate,0,0,100
Trypsin  + Bromelain  + Rutoside  + Diclofenac  + Papain,22,22,56
Sucralfate  + Oxetacaine,449,505,546
Clomiphene,61,126,313
Fosfomycin,191,237,172
Flunarizine,534,518,448
Cyclobenzaprine,56,76,68
Furosemide,149,123,28
Finasteride,176,309,215
Beclometasone  + Fusidic Acid,214,230,156
Ethinyl Estradiol  + Gestodene,98,62,40
Fluvoxamine,841,853,606
Sodium Fusidate,134,218,148
Ferric Carboxymaltose,143,128,129
Estradiol  + Estradiol  + Dydrogesterone,0,0,100
Fenticonazole,83,214,303
Neomycin  + Fluorometholone,67,11,22
Trimetazidine,243,261,196
Pirfenidone,208,419,173
Mefenamic Acid  + Paracetamol,668,625,507
Fondaparinux,147,122,131
Fluorouracil,7,53,40
Tobramycin  + Fluorometholone,207,278,215
Flurbiprofen,50,50,200
Obeticholic acid,221,257,22
Fluocinolone acetonide,134,200,66
Ofloxacin  + Flavoxate,77,109,114
Recombinant follicle stimulating hormone,98,30,72
Insulin Aspart,238,144,18
Flumazenil,50,50,0
Fluconazole  + Zinc pyrithione,35,38,27
Flecainide,52,42,6
Estradiol  + Dydrogesterone,100,0,0
Tinidazole,116,90,94
Pentosan polysulfate sodium,22,22,56
Urofollitropin,33,54,113
Fluticasone Propionate  + Mupirocin,47,33,20
Formoterol  + Mometasone,299,51,50
Famciclovir,191,232,277
Flupirtine,360,283,257
Lornoxicam,170,198,132
Fluoxetine  + Olanzapine,379,222,99
Allantoin  + Clotrimazole,63,27,10
Ibutilide,50,50,0
Ceftazidime,100,0,0
Fingolimod,67,33,0
Fulvestrant,50,33,17
Rebamipide,40,106,54
Fimasartan,0,50,150
Milnacipran,100,0,0
Folic Acid,67,33,0
Human Hepatitis B Immunoglobulin,100,0,100
Mesalazine,930,1066,404
Ofloxacin  + Ornidazole  + Itraconazole  + Clobetasol,67,33,0
Choline Salicylate,78,149,173
Terbutaline  + Bromhexine,112,147,141
Itopride,45,86,69
Glipizide  + Metformin,177,149,74
Bisacodyl,116,102,182
Cefpodoxime Proxetil  + Ofloxacin,146,132,222
Gatifloxacin  + Prednisolone,48,28,24
Colchicine,67,92,41
"Human Papillomavirus Quadrivalent  Vaccine, Recombinant",37,44,19
Dexamethasone  + Gatifloxacin,238,62,0
Midodrine,84,80,36
Bacillus Clausii,52,129,19
Pyridostigmine,113,87,100
Empagliflozin,161,162,77
Gabapentin  + Lidocaine  + Baclofen,19,55,26
Acarbose,82,81,37
Glipizide,121,153,126
Granisetron,254,199,147
Dapagliflozin,303,156,41
Cefpodoxime Proxetil  + Dicloxacillin,50,117,33
Risedronate,34,159,107
Domperidone  + Omeprazole,391,432,177
Calcitonin,175,123,102
Voglibose  + Metformin  + Gliclazide,201,61,138
Silodosin,369,583,648
Gentamicin,126,60,14
Hepatitis B Vaccine,202,71,127
Ganciclovir,110,71,119
Cefixime  + Clavulanic Acid,333,276,291
Diclofenac  + Capsaicin Based Rubefacients  + Menthol  + Methyl Salicylate  + Pregabalin,77,77,46
Ammonium Chloride  + Sodium Citrate  + Diphenhydramine  + Menthol,23,23,54
Pregabalin,1108,1691,1401
Acarbose  + Metformin,89,91,20
Timolol,274,335,291
Lindane,353,432,415
Gefitinib,129,215,156
Glutathione,101,126,173
Empagliflozin  + Metformin,160,208,32
Calcitriol  + Calcium Carbonate  + Zinc  + Risedronate,29,90,81
Cefpodoxime Proxetil  + Cloxacillin  + Lactobacillus,39,37,24
Chlorhexidine Gluconate,426,395,279
Clomiphene  + Melatonin,11,27,162
Tamsulosin  + Finasteride,106,109,85
Doxylamine  + Vitamin B6   + Folic Acid,213,260,127
Gabapentin  + Methylcobalamin  + Alpha Lipoic Acid,71,116,113
Clotrimazole  + Lactobacillus  + Tinidazole,25,75,0
Pioglitazone  + Metformin,475,321,204
Imatinib mesylate,305,128,67
Tamsulosin,756,609,135
Gemifloxacin,27,43,30
Galantamine,33,34,133
Nifedipine,357,233,210
Gatifloxacin  + Ketorolac,120,47,33
Ertapenem,133,25,42
Simethicone,46,46,8
Nalidixic Acid,67,33,0
Pregabalin  + Methylcobalamin  + Vitamin B6   + Folic Acid,117,230,153
Ginkgo Biloba  + Piracetam  + Vinpocetine,136,82,82
Potassium Magnesium Citrate,66,50,84
Metformin  + Myo-Inositol,36,96,168
Zoledronic acid,144,140,216
Magaldrate  + Alginic Acid  + Simethicone,100,0,0
Meropenem,547,193,260
Zinc Carnosine,33,24,43
Colistimethate Sodium,100,0,0
Benzocaine  + Chlorhexidine Gluconate,120,40,40
Glucagon,92,8,0
Gemcitabine,100,0,0
Calcium Gluconate  + Calcium Lactobionate,100,0,0
Glimepiride  + Metformin  + Vitamin D3,33,67,0
Glibenclamide,56,44,0
Gamma Benzene Hexachloride,25,58,17
Diclofenac  + Linseed Oil  + Menthol  + Methyl Salicylate,44,23,133
Nateglinide,0,0,100
Aspirin  + Rosuvastatin  + Clopidogrel,1483,1349,468
Sumatriptan  + Naproxen,201,133,66
Omeprazole  + Tinidazole  + Amoxycillin,32,43,25
L-Ornithine L-Aspartate  + Pancreatin,165,140,95
Hyoscyamine,29,49,22
Ademetionine,73,123,104
Tolvaptan,482,253,165
Lanolin  + Lidocaine  + Menthol  + Thymol,46,78,76
Calcium Chloride  + Potassium Chloride  + Sodium Chloride,56,22,22
Mometasone  + Clotrimazole,67,82,51
Halobetasol,839,593,368
Clofazimine,49,32,19
Allium Cepa  + Allantoin  + Heparin,29,60,111
Hydrogen Peroxide,99,107,94
Clotrimazole  + Fusidic Acid  + Mometasone,33,40,27
Hyoscine butylbromide  + Mefenamic Acid,37,16,47
Diphenhydramine  + Aloe Vera  + Calamine  + Camphor  + Glycerin,14,54,32
Lidocaine  + Calcium Dobesilate  + Hydrocortisone  + Phenylephrine  + Zinc Oxide  + Troxerutin,72,187,141
Cyproterone  + Ethinyl Estradiol  + Folic Acid,23,49,28
Mucopolysaccharide Polysulfate,83,55,62
Diphtheria Immune Globulin  + Haemophilus Type B Conjugate Vaccine  + Pertussis Toxoid  + Tetanus Toxoid  + Poliomyelitis Virus Type 1  + Poliomyelitis Virus Type 2  + Poliomyelitis virus type 3,48,38,14
Phenyl Mercuric Nitrate  + Sodium Chloride,50,50,0
Paracetamol  + Pseudoephedrine  + Chlorpheniramine Maleate,23,69,108
Halobetasol  + Salicylic Acid,634,711,255
Tenofovir Alafenamide,159,209,132
Hyaluronic Acid,222,150,128
Insulin Isophane,290,327,283
Sofosbuvir  + Velpatasvir,239,77,84
Silymarin,246,171,283
Benzocaine  + Cetrimide,65,29,6
Rabeprazole  + Itopride,285,233,82
Valacyclovir,630,428,242
Terazosin,155,223,22
Fosfestrol,41,48,11
Betamethasone  + Calcipotriol,39,49,12
Hydrocortisone  + Minoxidil  + Tretinoin,42,97,61
Calcipotriol,179,94,127
Hydroxyurea,201,188,11
Ethamsylate  + Menadione  + Citrus Bioflavonoid  + Tribasic Calcium Phosphate,25,25,50
Levo-carnitine  + Methylcobalamin  + Folic Acid,168,156,176
Heparin,170,131,199
Diacerein,29,79,92
Sofosbuvir,33,34,33
Ramipril  + Hydrochlorothiazide,645,161,94
Cetirizine  + Ambroxol,200,212,88
Citicoline  + Piracetam,569,472,359
Lindane  + Cetrimide,229,301,270
Ritonavir  + Lopinavir,50,89,61
Calcium  + Vitamin D3,67,33,0
Inositol nicotinate,48,83,69
Mycophenolate mofetil,505,350,245
Isosorbide Mononitrate,770,571,659
Sitagliptin,198,260,142
Carboxymethylcellulose  + Glycerin  + n-acetylcarnosine,54,121,25
Sitagliptin   +  Metformin,170,185,45
Iguratimod,67,58,75
Ethinyl Estradiol  + Desogestrel,234,441,325
Isosorbide Dinitrate,160,178,62
Canagliflozin,159,148,93
Imiquimod,16,51,33
Ipratropium,125,142,33
Ivabradine,461,356,183
Iron Isomaltoside,53,70,77
Ibandronic Acid  + Calcium  + Vitamin D3,55,71,74
Human Gamma Globulin,43,9,48
Carboxymethylcellulose  + Oxychloro Complex,742,556,402
Ivermectin,476,299,225
Lithium carbonate,253,257,190
Betaxolol,23,44,33
Lymecycline,105,120,75
Ilaprazole,32,127,141
Etanercept,71,78,51
Phenylephrine  + Tropicamide,136,96,68
Clindamycin  + Clotrimazole,93,98,109
Dexketoprofen  + Paracetamol,37,33,30
Pidotimod,116,227,157
Isoprenaline,56,44,0
Sulphacetamide  + Neomycin  + Bacitracin,46,89,65
Timolol  + Pilocarpine,89,11,0
Irbesartan,60,100,40
Irbesartan  + Hydrochlorothiazide,89,11,0
Interferon Alpha 2B,0,67,33
Indomethacin  + Paracetamol,87,13,0
Imipenem  + Cilastatin,132,77,91
Idebenone,122,34,44
Nitrofurantoin,551,797,552
Rivaroxaban,493,489,318
Bacterial Lysate,13,47,40
Domperidone  + Ilaprazole,39,194,67
Iron,0,100,100
Lecithin  + Methylcobalamin  + Pregabalin  + Biotin,56,44,0
Telmisartan  + Indapamide,200,67,33
Ketoprofen,79,71,50
Tinidazole  + Clotrimazole,67,16,17
Levosulpiride  + Ilaprazole,28,44,28
Iloperidone,134,66,0
Orlistat,462,809,829
Irinotecan,100,0,0
Cetrimide  + Chlorhexidine Gluconate,134,83,83
Lidocaine  + Chlorhexidine Gluconate  + Metronidazole,80,116,104
Ofloxacin  + Ornidazole,673,880,547
Lansoprazole,112,168,120
Iron  + Cyanocobalamin  + Folic Acid,42,46,12
Glucosamine,59,90,51
Inactivated Japanese Encephalitis virus protein,67,33,0
Polyethylene Glycol,113,91,96
Diclofenac diethylamine  + Linseed Oil  + Methyl Salicylate  + Menthol,100,0,0
Allopurinol,200,251,149
Prednisolone,636,666,398
Flupirtine  + Paracetamol,185,135,80
Sildenafil  + Dapoxetine,90,117,93
Benzoic Acid  + Hydrocortisone  + Salicylic Acid,21,36,43
Cinitapride,66,98,36
Ketotifen,124,65,11
Beclometasone  + Ketoconazole,189,201,210
Bromelain  + Rutoside  + Trypsin Chymotrypsin,25,33,42
Citric Acid  + Potassium Citrate,115,268,117
Nicorandil,601,240,359
Ketoconazole  + Coal Tar,381,396,223
Ofloxacin  + Ketorolac,22,89,89
Deferiprone,42,40,18
Ketoconazole  + Beclometasone  + Neomycin,10,66,24
Bromelain  + Diclofenac  + Rutoside  + Trypsin Chymotrypsin,89,99,12
Flupirtine  + Thiocolchicoside,38,48,14
Loteprednol etabonate  + Moxifloxacin,543,680,577
Sodium Monofluorophosphate  + Triclosan  + Xylitol,50,33,17
Saxagliptin  + Metformin,146,138,16
Milk of Magnesia  + Liquid Paraffin,42,33,25
Methylcobalamin  + Alpha Lipoic Acid  + Vitamin B6   + Folic Acid  + Benfotiamine  + Biotin  + Chromium Picolinate,67,33,0
Kanamycin,64,123,113
Cetilistat,17,33,50
Dicloxacillin,20,60,20
Calcium Polystyrene Sulphonate,0,84,116
Ketorolac  + Hydroxypropylmethylcellulose,0,11,89
Oxaceprol,88,316,396
Furosemide  + Spironolactone,116,114,70
Levosalbutamol,435,473,192
Linezolid,766,586,648
Artemether  + Lumefantrine,158,130,112
Levosulpiride,370,484,346
Chloroquine,148,131,121
Sulphacetamide,93,129,78
Ambroxol  + Phenylephrine  + Levocetirizine,37,45,18
Loteprednol etabonate  + Tobramycin,59,60,81
Caffeine  + Diphenhydramine  + Paracetamol  + Phenylephrine,250,310,340
Gatifloxacin  + Loteprednol etabonate,86,104,10
Lacosamide,989,628,183
Glucosamine Sulfate Potassium Chloride,62,145,93
Amlexanox,71,74,55
Lysine,23,44,33
Leflunomide,215,290,295
Levofloxacin  + Ornidazole,282,190,128
Calcitriol,59,110,31
Loteprednol etabonate,622,509,269
Luliconazole  + Salicylic Acid  + Zinc pyrithione,27,33,40
Bisoprolol  + Hydrochlorothiazide,97,84,19
Clobetasol  + Salicylic Acid  + Lactic Acid  + Urea,193,236,171
Latanoprost,203,199,98
Chlorzoxazone  + Diclofenac  + Paracetamol,505,378,117
Indacaterol  + Glycopyrrolate,186,79,35
Lubiprostone,42,45,13
Liquid Paraffin,23,56,21
Ambroxol  + Dextromethorphan Hydrobromide  + Phenylephrine  + Chlorpheniramine Maleate  + Menthol,88,56,56
Diclofenac  + Metaxalone,177,198,125
Artesunate  + Sulphadoxine  + Pyrimethamine,42,22,36
Lidocaine  + Phenazone,128,21,51
Ketoconazole  + Piroctone Olamine,148,123,29
Lamotrigine,1247,981,572
Lincomycin,35,34,31
Magnesium Citrate  + Potassium Citrate,142,41,117
Glucosamine  + Chondroitin,98,93,109
Clobetasol  + Lactic Acid,17,61,22
Levo-carnitine,262,201,137
Insulin detemir,58,33,9
Lafutidine,29,38,33
Benzoxonium Chloride  + Lidocaine,43,57,0
Levodopa  + Carbidopa,158,325,417
Loratadine  + Guaifenesin  + Ambroxol,33,67,100
Gemfibrozil,36,64,0
Arteether  + Lumefantrine,50,50,0
Lornoxicam  + Paracetamol,122,95,83
Tibolone,112,61,27
Clobetasol  + Fusidic Acid,36,93,71
Lisinopril,222,107,71
Lamivudine,59,71,70
Lercanidipine,33,67,0
Lidocaine  + Adrenaline,167,11,22
Metadoxine  + Silymarin  + L-Ornithine L-Aspartate,41,78,81
Ketoprofen  + Thiocolchicoside,54,41,105
Diphenhydramine  + Sodium Citrate  + Ammonium Chloride  + Pseudoephedrine,17,54,29
Montelukast,705,710,485
Indapamide,123,100,77
Travoprost,434,408,158
Timolol  + Latanoprost,106,179,115
Metadoxine  + Silymarin  + L-Ornithine L-Aspartate  + Vitamin B6   + Folic Acid,108,140,152
Lecithin  + Silymarin  + Vitamin B6   + Glutathione,58,42,0
Potassium Citrate  + Magnesium Citrate  + Vitamin B6,168,189,143
Levofloxacin  + Ambroxol,61,39,0
Lafutidine  + Domperidone,100,0,0
Timolol  + Travoprost,220,305,75
Lidocaine  + Clotrimazole,92,61,47
Losartan  + Atenolol  + Hydrochlorothiazide,66,123,11
Topiramate,462,523,515
Lenalidomide,66,112,22
Naphazoline  + Chlorpheniramine Maleate  + Phenylephrine  + Hydroxypropylmethylcellulose  + Menthol  + Camphor,67,33,0
Cilnidipine  + Metoprolol Succinate,136,169,95
Ramipril  + Losartan,111,78,11
Lisinopril  + Hydrochlorothiazide,120,67,13
Ambroxol  + Guaifenesin  + Levocetirizine  + Menthol,55,116,29
Oxetacaine  + Aluminium Hydroxide  + Dimethicone  + Magnesium,102,76,22
Methylcobalamin  + Alpha Lipoic Acid  + Vitamin B6   + Folic Acid  + Vitamin D3,56,11,33
Vancomycin,191,85,24
Lapatinib,0,67,33
Losartan  + Chlorthalidone,100,0,0
Levomilnacipran,150,17,33
Arformoterol,67,33,0
Tegafur  + Uracil,0,48,52
Oxcarbazepine,2158,2047,1395
Dexlansoprazole,56,44,0
Loxapine,0,0,100
Clindamycin  + Tretinoin,107,78,115
Vitamin C,35,166,99
Pitavastatin  + Ezetimibe,67,33,0
Atorvastatin  + Ramipril  + Metoprolol Succinate,25,50,25
Atenolol  + Lercanidipine,80,0,20
Bortezomib,50,50,0
Ceftriaxone,271,296,233
Methylcobalamin  + Vitamin B6   + Benfotiamine  + Alpha Lipoic Acid  + Folic Acid  + Biotin,36,43,21
Naphazoline  + Chlorpheniramine Maleate  + Methylcellulose,65,71,64
Methylcobalamin,250,237,313
Paracetamol  + Chlorzoxazone,36,58,6
Thiocolchicoside,251,238,211
Prazosin,379,312,109
Benzocaine,33,41,26
Ceftriaxone  + Sulbactam,123,124,53
Methylergometrine,104,33,63
Methylcobalamin  + Vitamin B6   + Folic Acid,39,41,20
Vitamin A  + Thiamine  + Vitamin B2  + Vitamin D3  + Pantothenic Acid,33,46,21
Metronidazole  + Povidone Iodine,36,123,141
Tolperisone  + Paracetamol,21,50,29
Chlorhexidine Gluconate  + Metronidazole,29,42,29
Ergotamine  + Caffeine,43,35,22
Tolperisone,510,365,625
Pregabalin  + Methylcobalamin  + Alpha Lipoic Acid,78,243,279
Moxonidine,327,195,178
Myo-Inositol  + D-Chiro Inositol  + Metformin  + L-Methyl Folate Calcium  + Methylcobalamin,99,176,125
Primaquine,88,61,51
Hydroquinone  + Octinoxate  + Benzophenone,30,78,92
Metoclopramide  + Paracetamol,85,84,31
Ceftriaxone  + Tazobactum,226,101,73
Tobramycin  + Moxifloxacin,80,80,140
Miconazole,94,91,115
S-Metoprolol Succinate,213,159,128
Eperisone  + Paracetamol,15,57,28
Methoxsalen,138,230,232
Carbamazepine,953,916,531
Desmopressin,228,150,122
Stanozolol,106,112,82
Minoxidil  + Azelaic Acid  + Tretinoin,123,241,236
Naproxen  + Domperidone,521,471,308
Meningococcal Vaccine   + Diphtheria Toxoid,67,11,22
Minocycline,362,445,393
Folic Acid  + Methylcobalamin  + Niacinamide,85,123,92
Metolazone,121,174,105
Mupirocin  + Metronidazole,43,39,18
Silver Colloid,38,41,21
Methoxsalen  + Aminobenzoic Acid,22,26,52
Tamoxifen,148,89,63
Mosapride,46,29,25
Levosalbutamol  + Ambroxol,23,33,44
Methimazole,211,159,30
Mexiletine,37,52,11
Deca Peptide,248,320,432
Dicyclomine  + Simethicone,83,52,65
Mirabegron  + Solifenacin,323,194,183
Tolperisone  + Diclofenac,163,194,143
Methotrexate  + Folic Acid,29,42,29
Arteether,43,19,38
Dicyclomine,73,27,0
Silymarin  + Tricholine Citrate,133,34,33
Diloxanide  + Ornidazole  + Simethicone,48,35,17
Cefixime  + Ofloxacin,178,78,44
Moxifloxacin  + Cefixime,30,64,106
Moxifloxacin  + Difluprednate,125,46,29
Bambuterol  + Montelukast,265,152,83
Mosapride  + Dimethicone,39,39,22
Hydroquinone  + Tretinoin  + Allantoin,21,39,40
Tranexamic Acid,695,738,667
Glycopyrrolate  + Neostigmine,83,17,0
Cetyl Alcohol,33,55,12
Magnesium Sulphate,67,33,0
silver nano particles,161,147,92
Macitentan,47,95,58
Fluocinolone acetonide  + Miconazole,208,282,110
Levonorgestrel,43,27,30
Gamma Linolenic acid  + Methylcobalamin,0,0,100
Vitamin B,17,50,33
Adalimumab,72,28,0
Mebeverine  + Ispaghula,56,31,13
Cefepime  + Tazobactum,67,33,0
Lidocaine  + Acetic acid  + Beclometasone  + Clotrimazole  + Ofloxacin,56,11,33
Levo-carnitine  + Fructo Oligosaccharide  + Coenzyme Q10  + Citric Acid  + Folic Acid  + Methylcobalamin  + Selenium  + Zinc,29,46,25
Metformin  + Alpha Lipoic Acid,47,80,73
Brinzolamide  + Brimonidine,161,97,42
Climbazole  + Piroctone Olamine,56,27,17
Sertaconazole  + Zinc pyrithione,77,75,48
Pantoprazole  + Mosapride,44,101,55
Metoprolol Succinate  + Hydrochlorothiazide,214,219,67
Tamsulosin  + Deflazacort,10,90,100
Pimozide,33,45,22
Mefloquine,33,67,0
Minoxidil  + Finasteride,17,41,42
Diclofenac  + Chlorzoxazone,33,45,22
Torasemide,822,783,895
Phenylalanine,16,42,42
Metformin   +  L-Methyl Folate   +  Methylcobalamin/Mecobalamin   +  Myo-Inositol,32,93,75
Sertaconazole  + Beclometasone,74,131,95
Dimethyl fumarate,74,184,42
Oxymetazoline,33,67,0
Levo-carnitine  + L-Arginine  + Vitamin E  + Methylcobalamin,100,0,0
Pramipexole,772,784,444
Nimesulide,888,647,365
Magnesium Valproate,216,303,281
Amlodipine  + Atorvastatin,83,17,0
Miglitol,100,78,22
Clotrimazole  + Clobetasol  + Neomycin,147,126,127
Tranexamic Acid  + Pine bark extract,44,56,0
Potassium Magnesium Citrate  + Vitamin B6,0,0,100
Clobetasol  + Neomycin  + Miconazole  + Chlorocresol,83,17,0
Diclofenac diethylamine  + Methyl Salicylate  + Oleum Lini  + Menthol,100,0,0
Fluphenazine,0,67,33
Calcium citrate  + Vitamin D3  + Zinc Sulfate  + Magnesium Sulphate,0,50,50
Melitracen,67,33,0
Haloperidol Decanoate,164,114,22
Vitamin E  + Cod liver oil  + Levo-carnitine  + Coenzyme Q10,33,17,50
Norfloxacin  + Tinidazole,111,157,32
Methylcobalamin  + Alpha Lipoic Acid  + Vitamin B6   + Folic Acid,101,47,52
Norfloxacin  + Lactobacillus,56,97,47
Methylcobalamin  + Vitamin B6   + Nicotinamide,66,62,72
Methylcobalamin  + Niacinamide  + Vitamin B6,78,177,145
Polymyxin B  + Neomycin  + Bacitracin  + Hydrocortisone,41,31,28
Methylcobalamin  + Alpha Lipoic Acid  + Myo-Inositol  + Folic Acid  + Chromium Picolinate  + Selenium  + Benfotiamine,33,67,0
Nebivolol,825,872,303
Acetylcysteine  + Pyridoxamine dihydrochloride,67,0,33
Esomeprazole  + Itopride,49,88,63
Nitazoxanide,93,143,164
Bacitracin  + Neomycin  + Polymyxin B,83,100,17
Nadifloxacin,227,347,226
Piracetam,261,554,585
Polymyxin B  + Neomycin,37,33,30
Nimesulide  + Paracetamol,270,273,157
Insulin Aspart   +  Insulin Aspart Protamine,204,241,55
Norepinephrine,37,43,20
Caffeine  + Chlorpheniramine Maleate  + Paracetamol  + Phenylephrine,99,126,75
Naltrexone,141,171,88
Naproxen,191,142,67
Norfloxacin,50,92,58
Nebivolol  + S-Amlodipine,150,131,19
Amoxycillin  + Clarithromycin  + Esomeprazole,63,128,109
Nimodipine,60,33,7
Ofloxacin  + Metronidazole  + Lactic acid bacillus,40,20,40
Nefopam  + Paracetamol,33,67,0
Naphazoline  + Hydroxypropylmethylcellulose  + Chlorpheniramine Maleate  + Boric Acid,39,47,14
Mometasone  + Nadifloxacin  + Terbinafine,42,32,26
Nebivolol  + Telmisartan,90,82,28
Pregabalin  + Nortriptyline  + Methylcobalamin  + Vitamin D3,77,76,47
Pyrantel Pamoate,75,69,56
Nortriptyline,176,157,67
Ciclopirox,112,226,162
Glibenclamide  + Metformin  + Pioglitazone,283,101,16
Nefopam,15,47,38
Nicergoline,53,14,33
Nimesulide  + Paracetamol  + Tizanidine,33,34,33
Nebivolol  + Amlodipine,254,179,67
Natamycin,0,56,44
Nicotinic acid,33,23,44
Camphor  + Hydroxypropylmethylcellulose  + Menthol  + Naphazoline  + Phenylephrine,119,48,33
Olmesartan Medoxomil  + Cilnidipine,366,168,66
Alendronic Acid,128,131,141
Nintedanib,100,53,47
Nebivolol  + Hydrochlorothiazide,310,236,54
Olmesartan Medoxomil  + Cilnidipine  + Chlorthalidone,376,326,98
Vinpocetine,50,50,100
Nimesulide  + Paracetamol  + Chlorzoxazone,87,60,53
Etoricoxib  + Serratiopeptidase,58,42,0
Dicyclomine  + Diclofenac,89,78,33
Chlorpheniramine Maleate  + Phenylephrine  + Paracetamol  + Sodium Citrate,66,104,30
Clobetasone  + Nadifloxacin,33,37,30
Levosalbutamol  + Ipratropium,250,133,117
Salbutamol  + Theophylline  + Menthol,0,0,100
Trifluoperazine  + Trihexyphenidyl,210,246,144
Magnesium Bisglycinate,17,33,50
Cefepime,50,50,0
Etoricoxib  + Vitamin D3,37,44,19
Nebivolol  + Cilnidipine,139,161,0
Dehydroepiandrosterone   + Calcium  + Vitamin D3  + L-Methyl Folate  + Pyridoxal-5-phosphate,0,67,33
Cilnidipine  + Chlorthalidone,67,33,0
Cinitapride  + Pantoprazole,133,50,17
Paracetamol  + Pseudoephedrine  + Cetirizine  + Zinc,0,0,100
Methylcobalamin  + Piracetam,22,22,56
Naftopidil,50,50,0
Rosuvastatin  + Ezetimibe,241,159,100
Levosulpiride  + Pantoprazole,509,386,205
Nitazoxanide  + Ofloxacin,70,64,66
Netilmicin,100,0,0
Astaxanthin  + Coenzyme Q10  + Levo-carnitine  + Lycopene  + Zinc Sulphate Monohydrate  + Selenium  + Piperine,17,57,26
Alpha Lipoic Acid  + L-Methyl Folate Calcium  + Methylcobalamin  + Pregabalin  + Pyridoxal-5-phosphate,17,44,39
Nicotine,59,109,32
Citicoline,348,429,423
Iron Sucrose,33,100,167
Ramosetron,100,0,0
Nebivolol  + Indapamide,13,87,0
Theophylline  + Levosalbutamol,50,33,17
Nebivolol  + Valsartan,48,33,19
Levosulpiride  + Dimethicone,22,34,44
Nimesulide  + Paracetamol  + Serratiopeptidase,33,45,22
Miconazole  + Chlorhexidine Gluconate  + Allantoin,47,53,0
Levonorgestrel,30,29,41
Carboxymethylcellulose  + Sodium Hyaluronate,42,8,50
Chlorthalidone,42,58,0
Folic Acid  + Levo-carnitine,33,45,22
Tolnaftate,61,11,28
OnabotulinumtoxinA,17,61,22
Posaconazole,79,46,75
Naproxen  + Esomeprazole,22,78,0
Nimorazole,33,67,0
Cetrimide  + Permethrin,33,40,127
Pregabalin  + Methylcobalamin  + Folic Acid  + Vitamin B6   + Alpha Lipoic Acid,67,33,0
Niacinamide,112,88,0
Neomycin,114,19,167
Sorafenib,17,39,44
Nadifloxacin  + Clobetasol,67,33,0
Venlafaxine,559,636,305
Miconazole  + Neomycin,0,0,100
Omeprazole,473,289,338
Ofloxacin  + Dexamethasone,120,202,78
Norgestrel  + Ethinyl Estradiol,27,40,33
Thiamine  + Vitamin B6   + Cyanocobalamin  + Vitamin B2  + Nicotinamide  + D-Panthenol,41,38,21
Chloramphenicol  + Dexamethasone  + Polymyxin B,167,121,212
Linagliptin,73,93,34
Polymyxin B  + Chloramphenicol,28,64,8
Dibucaine,49,29,22
Phenylephrine  + Naphazoline  + Chlorpheniramine Maleate  + Menthol,37,48,15
Benzocaine  + Chloramphenicol,32,35,33
Naphazoline  + Phenylephrine,40,37,23
Olanzapine,1772,1520,908
Orciprenaline,67,33,0
Choline Salicylate  + Tannic Acid,39,99,62
Metformin  + Linagliptin,253,256,91
Allantoin   +  Calcium Dobesilate   +  Hydrocortisone   +  Lidocaine/Lignocaine,25,35,40
Dapagliflozin  + Metformin,358,240,102
Olmesartan Medoxomil,2271,1738,791
Chloramphenicol  + Prednisolone  + Acetic acid  + Benzocaine,37,30,33
Denosumab,128,130,42
Calcium Dobesilate  + Troxerutin,22,41,37
Sertaconazole  + Mometasone,39,30,31
Ofloxacin  + Tinidazole,72,47,81
Ofloxacin  + Ornidazole  + Clotrimazole  + Clobetasol,41,35,24
Octreotide acetate,0,50,50
Dehydroepiandrosterone   + L-Methyl Folate  + Vitamin D3,16,36,48
Opipramol,141,109,250
Olmesartan Medoxomil  + Metoprolol Succinate,788,455,157
Oxybutynin,69,215,116
Olmesartan Medoxomil  + Amlodipine,1379,965,356
Hydrochlorothiazide  + Olmesartan Medoxomil,1891,1227,382
Dehydroepiandrosterone   + Coenzyme Q10,17,44,39
Olmesartan Medoxomil  + Chlorthalidone,1541,855,204
Acetylcysteine  + Astaxanthin  + Clomiphene,22,41,37
Bacillus Calmette-Guerin strain,110,55,35
Chromium  + Copper  + Manganese  + Selenium,33,67,0
Saxagliptin,134,66,0
Octenidine,128,60,12
Oxiconazole,244,237,119
Dehydroepiandrosterone    +  Melatonin,47,40,13
Capsaicin Based Rubefacients  + Diclofenac  + Gabapentin  + Methyl Salicylate,43,28,29
Coenzyme Q10  + Omega-3 fatty acid  + Vitamin D3,67,33,0
Ambroxol  + Guaifenesin,100,0,0
Olmesartan Medoxomil  + Indapamide,83,67,50
Levo-carnitine  + Coenzyme Q10  + L-Arginine  + Vitamin E  + Lycopene  + Methylcobalamin  + Zinc  + Selenium,17,41,42
Lidocaine  + Beclometasone  + Clotrimazole  + Gentamicin,83,17,0
Dehydroepiandrosterone   + Folic Acid,17,8,75
Oxetacaine  + Aluminium Hydroxide  + Magnesium,22,78,0
Clomiphene  + Acetylcysteine,50,0,50
Uniflexin,69,39,92
Magaldrate  + Oxetacaine  + Dimethicone,33,67,0
Ornidazole  + Chlorhexidine Gluconate,100,0,0
Myo-Inositol  + D-Chiro Inositol  + Metformin  + Melatonin  + L-Methyl Folate Calcium  + Methylcobalamin,22,78,0
Indacaterol,117,83,0
Triptorelin,50,17,33
Pertuzumab,0,56,44
Pneumococcal 13 valent Conjugate Vaccine,56,33,11
Metoclopramide,157,196,147
Prucalopride,483,440,277
Placenta Extracts,58,128,114
Penicillin G,81,80,39
Piperacillin  + Tazobactum,164,167,169
Phenazopyridine,45,39,16
Cefalexin,750,612,538
Aluminium Hydroxide  + Dimethicone  + Milk Of Magnesia,53,123,24
Conjugated Estrogens,91,97,112
Benzathine penicillin G,121,51,28
Tinidazole  + Clarithromycin  + Lansoprazole,36,47,17
Podophyllum resin  + Benzoin  + Aloe Vera,16,38,46
Pneumococcal Polysaccharide Vaccine,0,33,67
Dexchlorpheniramine,127,41,32
Prasugrel,238,206,56
Paracetamol  + S-Etodolac,22,62,16
Levo-carnitine  + Coenzyme Q10  + Lycopene  + Zinc,55,79,66
Cilostazol,115,173,312
Dimethicone  + Aluminium Hydroxide  + Milk Of Magnesia  + Sorbitol,31,38,31
Prulifloxacin,86,66,48
Alpha glycerylphosphorylcholine  + Piracetam,9,67,24
Clopidogrel,183,147,70
Chlorpheniramine Maleate  + Ammonium Chloride  + Sodium Citrate,38,47,15
Aspirin  + Clopidogrel,178,136,86
Cinacalcet,44,43,13
Eplerenone  + Torasemide,86,81,33
Prasugrel  + Aspirin,43,46,11
Clobetasol  + Clotrimazole  + Fusidic Acid,118,103,79
Simvastatin  + Ramipril  + Atenolol  + Hydrochlorothiazide  + Aspirin,63,27,10
Tranexamic Acid  + Tribasic Calcium Phosphate  + Menadione  + Citrus Bioflavonoid,27,35,38
Pilocarpine,84,64,52
Podophyllum resin  + Benzoin  + Aloe Vera  + Salicylic Acid,13,42,45
Dosulepin  + Methylcobalamin,0,33,67
Meclizine,88,75,37
Pitavastatin,142,116,42
Pegfilgrastim,25,94,81
Potassium Citrate,33,53,14
Sulphacetamide  + Zinc Sulphate Monohydrate  + Chlorpheniramine Maleate  + Boric Acid  + Sodium Chloride  + Chlorbutol,44,23,33
Tranexamic Acid  + L Glutathione Reduced  + L Ascorbic acid,0,33,67
Clobetasol  + Clotrimazole,61,58,81
Becaplermin,73,23,4
D-Panthenol,0,33,67
Benzocaine  + Magaldrate  + Simethicone,60,27,13
Guaifenesin  + Terbutaline  + Ambroxol  + Ammonium Chloride  + Menthol,44,28,28
Proanthocyanidin,25,28,47
Papaverine,42,46,12
Dextromethorphan Hydrobromide  + Guaifenesin  + Phenylephrine  + Chlorpheniramine Maleate,0,57,43
Allantoin  + Clindamycin  + Niacinamide,78,86,36
Measles Vaccine   + Mumps Virus Vaccine  + Rubella vaccine,116,56,28
Hydrocortisone  + Zinc Oxide  + Lidocaine  + Allantoin,20,27,53
Penfluridol,48,31,21
Paliperidone,49,163,88
Pomalidomide,33,55,12
Propafenone,53,47,0
Pioglitazone  + Glimepiride,0,67,33
Dinoprostone,100,33,67
Tadalafil IP,0,50,50
Proanthocyanidin  + Polypodium leucotomos extract  + Tranexamic Acid,18,45,37
Poliomyelitis Virus Type 1  + Poliomyelitis Virus Type 2  + Poliomyelitis virus type 3,33,11,56
Cyclopentolate,28,61,11
Clobetasol  + Salicylic Acid  + Coal Tar,143,106,51
Flurbiprofen  + Phenyl Mercuric Nitrate,67,33,0
Clotrimazole  + Ofloxacin  + Ornidazole,49,30,21
Naphazoline  + Methylcellulose  + Boric Acid  + Zinc Sulfate  + Chlorpheniramine Maleate,42,41,17
Salmonella Typhi Vaccine,167,166,67
Quetiapine,1095,1242,1063
Coenzyme Q10  + Levo-carnitine  + Zinc Oxide  + Selenium,40,41,19
Coenzyme Q10  + Levo-carnitine,62,50,88
Chloramphenicol  + Hydrocortisone,33,11,56
Saxagliptin  + Dapagliflozin,92,8,0
Infliximab,46,28,26
Chlorpheniramine Maleate  + Levodropropizine,52,79,69
Chloramphenicol  + Hydroxypropylmethylcellulose,50,39,11
Insulin Degludec  + Insulin Aspart,93,69,38
Rifaximin  + Metronidazole,27,50,23
Levodropropizine,14,67,19
Paracetamol  + Pseudoephedrine  + Triprolidine,31,51,18
Rosuvastatin  + Aspirin,789,517,194
Rizatriptan,290,334,76
Eltrombopag,80,59,61
Phenylephrine  + Triprolidine,92,71,37
Romiplostim,26,50,24
Risperidone  + Trihexyphenidyl,904,781,415
Atorvastatin  + Aspirin  + Ramipril,19,56,25
Ambroxol  + Guaifenesin  + Salbutamol,36,47,17
Racecadotril  + Saccharomyces boulardii  + Lactobacillus,40,42,18
Risperidone,1259,1052,589
Recombinant Human Epidermal Growth Factor,93,95,112
Magaldrate  + Dimethicone,33,53,14
Ropinirole,175,316,209
Paracetamol  + Methocarbamol,46,35,19
Rasagiline,144,153,103
Omeprazole  + Dicyclomine,0,33,67
Rebamipide   +  Alpha Lipoic Acid   +  Acetylcysteine,17,34,49
Tolterodine,379,309,212
Anti Rh D Immunoglobulin,0,90,110
Ripasudil,46,37,17
Racecadotril  + Saccharomyces boulardii,57,29,14
Butyl Alcohol  + Citric Acid  + Sodium Chloride,29,14,57
Cefprozil,163,135,202
Tamsulosin  + Tolterodine,77,149,74
Rabies Human Monoclonal Antibody,74,26,0
Domperidone  + Ranitidine,60,40,0
Domperidone  + Magaldrate  + Simethicone,22,45,33
Roxithromycin  + Ambroxol,33,50,17
Lidocaine  + Hydrocortisone  + Phenylephrine  + Zinc Oxide  + Calcium Dobesilate,28,52,20
Pyrimethamine  + Sulphadoxine,50,17,33
Rubella vaccine,50,33,17
Methocarbamol,52,24,24
Cilnidipine,543,201,56
Remogliflozin Etabonate  + Metformin,166,194,140
Camphor  + Carboxymethylcellulose  + Menthol  + Naphazoline  + Phenylephrine  + Stabilized Oxychloro,25,50,25
Roflumilast,20,67,13
Rotavirus vaccine,331,126,43
Calcium Citrate Malate  + Calcitriol,50,33,17
Quinine,29,4,67
Tenofovir disoproxil fumarate,301,174,225
Rosuvastatin  + Vitamin D3,167,166,67
Remogliflozin Etabonate,107,138,55
Diclofenac  + Rabeprazole,99,84,17
Sirolimus,125,75,0
Zinc Oxide,229,146,25
Thioridazine,50,117,133
Trypsin  + Rutoside  + Bromelain  + Aceclofenac,104,160,36
Flavoxate,347,244,309
Raloxifene,67,33,0
Haloperidol,79,184,337
Methylcobalamin  + Alpha Lipoic Acid  + Folic Acid  + Inositol  + Chromium polynicotinate  + Selenomethionine  + Zinc monomethionine,100,0,0
Metoprolol Succinate  + Chlorthalidone,201,66,33
Amlodipine  + Ramipril,73,94,33
Telmisartan  + Rosuvastatin,204,66,30
Domperidone  + Dexrabeprazole,33,67,0
Ceritinib,33,59,8
Lidocaine  + Calcium Dobesilate  + Hydrocortisone  + Zinc,22,41,37
Satranidazole  + Ofloxacin,38,43,19
Euphorbia Prostrata Extract,30,38,32
Cefalexin  + Clavulanic Acid,78,22,0
Secnidazole,38,45,17
Dicyclomine  + Diclofenac  + Paracetamol,56,36,8
Docusate  + Calcium Dobesilate,36,29,35
Testosterone Propionate  + Testosterone Phenylpropionate  + Testosterone Isocaproate  + Testosterone Decanoate,53,25,22
Domperidone  + Cinnarizine,50,73,77
Betahistine  + Vitamin D3  + Ginkgo Biloba  + Piracetam  + Vinpocetine,24,43,33
Standard Cobra Venom   + Standard common krait Venom   + Standard Russels Viper Venom   + Snake Venom Antiserum,67,11,22
Oxetacaine  + Aluminium Hydroxide  + Magnesium Trisilicate  + Milk Of Magnesia  + Simethicone,30,28,42
Levocetirizine  + Pseudoephedrine,52,31,17
Sumatriptan,107,106,87
Tianeptine,132,132,36
Centbucridine  + Feracrylum,24,9,67
Sucralfate  + Mupirocin,32,43,25
Tricholine Citrate  + Sorbitol,33,37,30
Isopropamide  + Trifluoperazine,105,73,22
Arterolane  + Piperaquine,38,44,18
Alfuzosin  + Solifenacin,27,40,33
Aluminium Hydroxide  + Dicyclomine  + Magnesium  + Simethicone,50,50,0
Cefdinir,80,79,41
Naphazoline  + Chlorpheniramine Maleate  + Hydroxypropylmethylcellulose,58,34,8
Chlorpheniramine Maleate  + Camphor  + Menthol  + Phenylephrine  + Naphazoline,0,50,50
Hyaluronic Acid  + D-Panthenol,30,57,13
Tizanidine,58,93,49
Tafluprost,83,17,0
Dolutegravir  + Emtricitabine  + Tenofovir Alafenamide,63,20,17
Terbutaline  + Bromhexine  + Guaifenesin,33,50,17
Silver Nitrate  + Chlorhexidine Gluconate  + Allantoin  + Aloe Vera,15,59,26
Rupatadine  + Montelukast,67,33,0
Dicyclomine  + Dimethicone,56,60,84
Selegiline,48,33,19
Pneumococcal Polysaccharide Conjugate Vaccine,72,28,0
Calcitriol  + Clobetasol,35,46,19
Sodium Feredetate  + Folic Acid  + Vitamin B12,67,33,0
Betahistine  + Ginkgo Biloba,0,17,83
Drotaverine  + Diclofenac,50,50,0
Flucloxacillin Sodium,56,44,0
Sotalol,115,54,31
Diclofenac  + Trypsin Chymotrypsin,60,40,0
Mupirocin  + Beclometasone,56,11,33
Lidocaine  + Sucralfate,45,28,27
Sulfasalazine,67,66,67
Fenoverine,28,22,50
Diphtheria Toxoid  + Tetanus Toxoid,0,0,100
Rupatadine,58,17,25
Simvastatin,217,217,66
Feracrylum,83,17,0
Fluticasone Furoate  + Azelastine,27,49,24
Dextromethorphan Hydrobromide  + Diphenhydramine,56,44,0
Bromhexine  + Phenylephrine,22,78,0
Stannous fluoride,53,27,20
Silver Nitrate,75,57,68
Cefoperazone  + Sulbactam,109,119,72
Povidone Iodine  + Sucralfate,67,0,33
Sodium Citrate,89,11,0
Evening Primrose Oil  + Tocoferol,0,0,100
Xylitol,33,67,0
Sucralfate  + Silver Sulfadiazine  + Chlorhexidine Gluconate,83,17,0
Salbutamol  + Beclometasone,110,70,20
Coal Tar  + Salicylic Acid,39,28,33
Diclofenac  + Capsaicin Based Rubefacients  + Methyl Salicylate  + Menthol  + Linseed Oil,67,33,0
Bicalutamide,104,171,25
Benzyl Nicotinate  + Heparin,70,76,54
Temozolomide,66,112,22
Cefotaxime,92,102,106
Pentoxifylline,28,40,32
Diphenhydramine  + Ammonium Chloride  + Terpin Hydrate  + Sodium Citrate,28,40,32
Thiamine,11,33,56
Tofacitinib,29,42,29
Teicoplanin,109,66,25
Insulin Degludec,92,85,23
Caroverine,23,89,188
Salbutamol  + Theophylline,87,90,23
Famotidine,85,61,54
Purified Vi Polysaccharide Typhoid Vaccine,154,111,35
Amylmetacresol  + Dextromethorphan Hydrobromide,148,99,53
Tapentadol,100,0,0
Tazarotene,27,83,90
Terbutaline  + Bromhexine  + Ammonium Chloride  + Menthol,33,46,21
Perindopril erbumine  + Indapamide  + Amlodipine,47,40,13
Extractum Cepae-Cepalin  + Heparin  + Allantoin,42,58,0
Ginkgo biloba extract,36,37,27
Trazodone,185,120,95
Thalidomide,202,171,127
Cefotaxime  + Sulbactam,42,58,0
Chlorpromazine  + Trihexyphenidyl  + Trifluoperazine,33,67,0
Tetanus Immunoglobulin,67,33,0
Tropicamide,89,78,33
Emtricitabine  + Tenofovir disoproxil fumarate,35,71,94
Ciclesonide  + Formoterol  + Tiotropium,61,102,37
Olmesartan Medoxomil  + Amlodipine  + Chlorthalidone,244,176,80
Chondroitin  + Collagen Peptide  + Sodium Hyaluronate  + Vitamin C,10,47,43
Trospium,33,24,43
Hydroxypropylmethylcellulose  + Dextran 70,33,34,33
Tigecycline,67,33,0
Almagate  + Simethicone,53,27,20
Ticarcillin  + Clavulanic Acid,0,44,56
Chlorthalidone  + Metoprolol Succinate  + Cilnidipine,56,37,7
Dill Oil  + Fennel Oil  + Simethicone,50,50,0
Troxipide,60,87,53
Euphorbia Prostrata Extract  + Calcium Dobesilate,45,38,17
Tranylcypromine,48,42,10
Emtricitabine  + Tenofovir disoproxil fumarate  + Efavirenz,171,140,89
Hydrotalcite  + Simethicone,22,34,44
Piribedil,26,37,37
Losartan  + Amlodipine  + Hydrochlorothiazide,72,28,0
Tiapride,50,28,22
Hydroxocobalamin,33,67,0
Neostigmine,23,40,37
Clindamycin  + Clotrimazole  + Tinidazole  + Lactobacillus Sporogenes,67,33,0
Ofloxacin  + Clobetasol  + Miconazole  + Terbinafine  + Dexpanthenol,50,17,33
Losartan  + Amlodipine  + Chlorthalidone,43,38,19
Bacillus Calmette-Guerin,33,67,0
Silymarin  + Lecithin,100,0,0
Montelukast  + Theophylline,42,41,17
Tulobuterol,22,45,33
Trifluoperazine,0,0,100
Terbinafine  + Ofloxacin  + Clobetasol,0,0,100
Telmisartan  + Ramipril,167,33,0
Diclofenac  + Thiocolchicoside  + Paracetamol,50,83,67
Terbinafine  + Fluticasone Propionate,89,44,67
Drotaverine  + Ethamsylate  + Tranexamic Acid,0,33,67
Hydroxocobalamin  + Vitamin B6   + Folic Acid  + Nicotinamide  + Inositol  + L-Lysine,47,40,13
Atorvastatin  + Vitamin B3,200,0,0
Freeze-dried Live Attenuated Hepatitis A Vaccine  + Hepatitis B Vaccine,67,33,0
Polyvinyl Alcohol   + Povidone Iodine,0,33,67
Trabectedin,100,0,0
Theophylline,74,88,38
Ulinastatin,76,24,0
Udenafil,41,31,28
Clomiphene  + Coenzyme Q10,93,159,148
Diosmin,160,116,124
Caffeine  + Ergotamine  + Paracetamol  + Prochlorperazine,40,44,16
Live Freeze Dried Lactic Acid Bacteria and Bifidobacteria,76,88,36
Nicotinamide  + Folic Acid  + Cyanocobalamin,34,41,25
Inactivated influenza vaccine,60,29,11
Liraglutide,47,33,20
Tamsulosin   +  Solifenacin,27,53,20
Dolutegravir  + Lamivudine  + Tenofovir disoproxil fumarate,54,27,19
Valganciclovir,17,100,83
Vardenafil,50,71,79
Voriconazole,247,244,209
Adrenaline,33,36,31
Evogliptin,44,48,8
Valsartan,383,246,171
Homotaurine,43,33,24
Vilazodone,515,604,181
Lidocaine  + Tetracaine,67,23,10
Rabeprazole  + Mosapride,17,41,42
Methylcobalamin  + Folic Acid  + Vitamin B6   + Vitamin D3  + Niacinamide  + Zinc Oxide  + Copper Sulphate  + Lycopene  + Vitamin B12,67,33,0
Verapamil,0,0,100
Ichthyol Pale,25,8,67
Valsartan  + Hydrochlorothiazide,123,66,11
Canagliflozin  + Metformin,44,34,22
Hydrocortisone  + Dimethicone,11,43,46
Pazopanib,0,61,39
Diclofenac  + Linseed Oil  + Methyl Salicylate  + Menthol  + Benzyl Alcohol,67,33,0
Tetrahydrozoline,67,33,0
Omega-3 fatty acid,66,68,66
Colistin Sulphate,53,67,80
Warfarin,116,51,33
Mebendazole,28,22,50
Olive Oil,67,33,0
Kalmegh Dry Extract,40,40,20
Calcium  + Calcitriol  + Methylcobalamin  + Folic Acid  + Vitamin B6,67,33,0
Coenzyme Q10  + L-Arginine  + Omega-3 fatty acid  + Selenium,67,33,0
Capecitabine,48,30,22
Paracetamol  + Thiocolchicoside,53,83,64
Safinamide,62,91,47
Azelaic Acid  + Tretinoin,54,71,75
Terbutaline  + Ambroxol,17,54,29
Exemestane,42,46,12
Liraglutide  + Insulin Degludec,33,54,13
Xylometazoline,50,17,33
Aceclofenac  + Tizanidine,34,43,23
Zonisamide,188,216,96
Cefditoren,100,61,39
Fluconazole  + Azithromycin  + Secnidazole,14,41,45
Cefixime  + Cloxacillin  + Lactobacillus,30,50,20
Fluconazole  + Tinidazole,39,33,28
Zolmitriptan,100,67,33
Cefixime  + Lactobacillus,33,17,50
Boric Acid  + Sodium Chloride  + Sulphacetamide  + Zinc Sulfate,27,53,20
Ciprofloxacin  + Ornidazole,67,33,0
Paracetamol  + Zaltoprofen,22,56,22
Cinnarizine  + Dimenhydrinate  + Vitamin B6,100,0,0
Ziprasidone,63,113,24
Clobetasol  + Zinc  + Salicylic Acid,56,22,22
Idarubicin,67,33,0
Sodium Hyaluronate   +  Collagen Peptide,50,38,12
L-Methyl Folate Calcium,0,33,67
Chromium Picolinate  + D-Chiro Inositol  + Myo-Inositol  + Vitamin D3,0,80,20
